WKT,ID,NOMBRE,CALLE1,CALLE2,INTERSEC,LIN_SENT_N,LIN_SENT_S,METROBUS,NOM_SENTID,Observac,INAUGURA,FECH_INAU
"POINT (-58.5261125180662 -34.6382666941643)","1",Liniers,FRANCISCO DE VIEDMA,,Entre Casco y Gana,"34","34",Metrobus Juan B. Justo,Liniers - Sentido Pacífico,,Mayo 2011,2011-05
"POINT (-58.5199726993601 -34.6330994846233)","2",Velez Sarsfield,JUSTO JUAN B.,ALVAREZ JONTE AV,JUSTO JUAN B. & ALVAREZ JONTE AV,,34 - 99 - 166 - 172,Metrobus Juan B. Justo,Velez Sarsfield - Sentido Liniers,,Mayo 2011,2011-05
"POINT (-58.5141330570233 -34.6334077554962)","351",Polideportivo Velez Sarsfield,JUSTO JUAN B.,GARCIA JUAN AGUSTIN,JUSTO JUAN B. & GARCIA JUAN AGUSTIN,34 - 99 - 166 - 172,,Metrobus Juan B. Justo,Polideportivo Velez Sarsfield - Sentido Pacífico,,Mayo 2011,2011-05
"POINT (-58.5064021059751 -34.634258948407)","4",Cortina,JUSTO JUAN B.,CORTINA,JUSTO JUAN B. & CORTINA,,34 - 99 - 166 - 172,Metrobus Juan B. Justo,Cortina - Sentido Liniers,,Mayo 2011,2011-05
"POINT (-58.4950109186803 -34.6296657759947)","356",Carrasco,JUSTO JUAN B.,CARRASCO,JUSTO JUAN B. & CARRASCO,34 - 99 - 166 - 172,,Metrobus Juan B. Justo,Carrasco - Sentido Pacífico,,Mayo 2011,2011-05
"POINT (-58.4908807883367 -34.6269064744789)","7",Av. Segurola,JUSTO JUAN B.,SEGUROLA,JUSTO JUAN B. & SEGUROLA,,34 - 166,Metrobus Juan B. Justo,Av. Segurola - Sentido Liniers,,Mayo 2011,2011-05
"POINT (-58.4860827112259 -34.625235257499)","358",Chivilcoy,JUSTO JUAN B.,CHIVILCOY,JUSTO JUAN B. & CHIVILCOY,34 - 166,,Metrobus Juan B. Justo,Chivilcoy - Sentido Pacífico,,Mayo 2011,2011-05
"POINT (-58.4809346894021 -34.6222410082393)","359",Concordia,JUSTO JUAN B.,CONCORDIA,JUSTO JUAN B. & CONCORDIA,34 - 166,,Metrobus Juan B. Justo,Concordia - Sentido Pacífico,,Mayo 2011,2011-05
"POINT (-58.4759479499995 -34.6178974824697)","10",Av. Nazca,JUSTO JUAN B.,NAZCA,JUSTO JUAN B. & NAZCA,,34 - 166,Metrobus Juan B. Justo,Av. Nazca - Sentido Liniers,,Mayo 2011,2011-05
"POINT (-58.4724739202085 -34.6142238004244)","361",Artigas,JUSTO JUAN B.,ARTIGAS JOSE GERVASIO GRAL,JUSTO JUAN B. & ARTIGAS JOSE GERVASIO GRAL,34 - 166,,Metrobus Juan B. Justo,Artigas - Sentido Pacífico,,Mayo 2011,2011-05
"POINT (-58.4676820815099 -34.6111886008716)","12",Boyaca,JUSTO JUAN B.,BOYACA,JUSTO JUAN B. & BOYACA,,34 - 166,Metrobus Juan B. Justo,Boyaca - Sentido Liniers,,Mayo 2011,2011-05
"POINT (-58.4625307399162 -34.6072238429689)","13",Av. Donato Alvarez,JUSTO JUAN B.,ALVAREZ DONATO Tte. Gral.,JUSTO JUAN B. & ALVAREZ DONATO Tte. Gral.,,34 - 110 - 166,Metrobus Juan B. Justo,Av. Donato Alvarez - Sentido Liniers,,Mayo 2011,2011-05
"POINT (-58.4582450472386 -34.6043052758348)","14",Av. San Martín,JUSTO JUAN B.,SAN MARTIN AV.,JUSTO JUAN B. & SAN MARTIN AV.,,34 - 109 - 110 - 166,Metrobus Juan B. Justo,Av. San Martín - Sentido Liniers,,Mayo 2011,2011-05
"POINT (-58.4518332401366 -34.5999421855416)","15",Av. Honorio Pueyrredón,JUSTO JUAN B.,PUEYRREDON HONORIO DR.,JUSTO JUAN B. & PUEYRREDON HONORIO DR.,,34 - 109 - 166,Metrobus Juan B. Justo,Av. Honorio Pueyrredón - Sentido Liniers,,Mayo 2011,2011-05
"POINT (-58.4475604325412 -34.5969764380219)","16",Murillo,JUSTO JUAN B.,MURILLO,JUSTO JUAN B. & MURILLO,,34 - 166,Metrobus Juan B. Justo,Murillo - Sentido Liniers,,Mayo 2011,2011-05
"POINT (-58.4441286567592 -34.5946191072915)","17",Av. Corrientes,JUSTO JUAN B.,CORRIENTES,JUSTO JUAN B. & CORRIENTES,,34 - 166,Metrobus Juan B. Justo,Av. Corrientes - Sentido Liniers,,Mayo 2011,2011-05
"POINT (-58.4405637033703 -34.5921413048887)","18",Aguirre,JUSTO JUAN B.,AGUIRRE,JUSTO JUAN B. & AGUIRRE,,"166",Metrobus Juan B. Justo,Aguirre - Sentido Liniers,,Mayo 2011,2011-05
"POINT (-58.4346194736684 -34.5852433429708)","20",Honduras,JUSTO JUAN B.,HONDURAS,JUSTO JUAN B. & HONDURAS,,"166",Metrobus Juan B. Justo,Honduras - Sentido Liniers,,Mayo 2011,2011-05
"POINT (-58.4294892396623 -34.5813507260991)","21",Guatemala,JUSTO JUAN B.,GUATEMALA,JUSTO JUAN B. & GUATEMALA,,"166",Metrobus Juan B. Justo,Guatemala - Sentido Liniers,,Mayo 2011,2011-05
"POINT (-58.3808470934328 -34.6190303420364)","27",Estados Unidos,AV. 9 DE JULIO,,Entre Carlos Calvo y Estados Unidos,10 - 17 - 59,59 - 10 - 17,Metrobus 9 de Julio,Estados Unidos,,Julio 2013,2013-07
"POINT (-58.3808775950804 -34.6180682046923)","28",Independencia,AV. 9 DE JULIO,,Entre Estados Unidos e Independencia,45 - 70,45 - 70,Metrobus 9 de Julio,Independencia,,Julio 2013,2013-07
"POINT (-58.3809315483153 -34.6169411461037)","29",Chile,AV. 9 DE JULIO,,Entre Independencia y Chile,9 - 91 - 100,100 - 9 - 91,Metrobus 9 de Julio,Chile,,Julio 2013,2013-07
"POINT (-58.3809760769016 -34.6158810057261)","30",México,AV. 9 DE JULIO,,Entre Chile y México,67 - 129,67 - 98 - 129,Metrobus 9 de Julio,México,,Julio 2013,2013-07
"POINT (-58.381022379303 -34.6147027445347)","31",Venezuela,AV. 9 DE JULIO,,Entre México y Venezuela,10 - 17 - 59,59 - 10 - 17,Metrobus 9 de Julio,Venezuela,,Julio 2013,2013-07
"POINT (-58.3810410237142 -34.6135950279559)","32",Belgrano,AV. 9 DE JULIO,,Entre Venezuela y Belgrano,45 - 70 - 100,100 - 45 - 70,Metrobus 9 de Julio,Belgrano,,Julio 2013,2013-07
"POINT (-58.3811643710114 -34.6111677944469)","33",Alsina,AV. 9 DE JULIO,,Entre Moreno y Alsina,"129","129",Metrobus 9 de Julio,Alsina,,Julio 2013,2013-07
"POINT (-58.3812419775334 -34.6101117766934)","34",Yrigoyen,AV. 9 DE JULIO,,Entre Alsina e Hipólito Yrigoyen,9 - 91 - 67,67 - 9 - 91,Metrobus 9 de Julio,Yrigoyen,,Julio 2013,2013-07
"POINT (-58.381379852024 -34.607789085339)","35",Mitre,AV. 9 DE JULIO,,Entre Rivadavia y Bartolomé Mitre,10 - 17 - 59,59 - 10 - 17,Metrobus 9 de Julio,Mitre,,Julio 2013,2013-07
"POINT (-58.3814463951425 -34.6066643613064)","36",Juan D. Perón,AV. 9 DE JULIO,,Entre Bartolomé Mitre y Perón,45 - 70 - 100,100 - 45 - 70,Metrobus 9 de Julio,Juan D. Perón,,Julio 2013,2013-07
"POINT (-58.3815261642882 -34.605539716381)","37",Obelisco Sur,AV. 9 DE JULIO,,Entre Juan D. Perón y Sarmiento,9 - 67 - 129,9 - 67 - 129,Metrobus 9 de Julio,Obelisco Sur,,Julio 2013,2013-07
"POINT (-58.3817450243788 -34.6018919269594)","38",Obelisco Norte,AV. 9 DE JULIO,,Entre Lavalle y Tucumán,100 - 17 - 59,59 - 100 - 17,Metrobus 9 de Julio,Obelisco Norte,,Julio 2013,2013-07
"POINT (-58.3818020847404 -34.6007796231308)","39",Teatro Colón,AV. 9 DE JULIO,,Entre Tucumán y Viamonte,45 - 70 - 10,10 - 45 - 70,Metrobus 9 de Julio,Teatro Colón,,Julio 2013,2013-07
"POINT (-58.3818480819967 -34.5996462551817)","40",Córdoba,AV. 9 DE JULIO,,Entre Viamonte y Av Córdoba,9 - 67,67 - 9,Metrobus 9 de Julio,Córdoba,,Julio 2013,2013-07
"POINT (-58.3818909436162 -34.5983729878682)","41",Paraguay,AV. 9 DE JULIO,,Entre Av Córdoba y Paraguay,10 - 17 - 59,59 - 10 - 17,Metrobus 9 de Julio,Paraguay,,Julio 2013,2013-07
"POINT (-58.381995761321 -34.5971814354511)","42",Marcelo T. de Alvear,AV. 9 DE JULIO,,Entre Paraguay y Marcelo T. de Alvear,"129","129",Metrobus 9 de Julio,Marcelo T. de Alvear,,Julio 2013,2013-07
"POINT (-58.382113578811 -34.5960109248172)","43",Santa Fe,AV. 9 DE JULIO,,Entre Marcelo T. de Alvear y Av. Santa Fe,100 - 70 - 67,100 - 70 - 67,Metrobus 9 de Julio,Santa Fe,,Julio 2013,2013-07
"POINT (-58.3811080175012 -34.6275884390089)","44",Centro de Transbordo Constitución,BRASIL AV,LIMA,BRASIL AV & LIMA,,,Centro de Transbordo Constitución,Centro de Transbordo Constitución,,Marzo 2017,2017-03
"POINT (-58.3963949672085 -34.6279896928619)","46",Pichincha,GARAY JUAN DE AV,,Entre Pasco y Pichincha,,4 - 143,Metrobus Sur - Ramal Fernández de la Cruz,Pichincha - Sentido Gral Paz,,Agosto 2013,2013-08
"POINT (-58.4007997591705 -34.6286426268271)","47",Jujuy,GARAY JUAN DE AV,,Entre jujuy y Alberti,,4 - 143,Metrobus Sur - Ramal Fernández de la Cruz,Jujuy - Sentido Gral Paz,,Agosto 2013,2013-08
"POINT (-58.4072376501087 -34.6311635665523)","48",La Rioja,CHICLANA AV,,Entre La Rioja y Gral Urquiza,,"143",Metrobus Sur - Ramal Fernández de la Cruz,La Rioja - Sentido Gral Paz,,Agosto 2013,2013-08
"POINT (-58.4106713368542 -34.6339696721209)","49",Sánchez de Loria,CHICLANA AV,,Entre 24 de Noviembre y Sánchez de Loria,,"143",Metrobus Sur - Ramal Fernández de la Cruz,Sánchez de Loria - Sentido Gral Paz,,Agosto 2013,2013-08
"POINT (-58.4149985490086 -34.636740954319)","50",Boedo,CHICLANA AV,,Entre Álzaga y Boedo,,101 - 143,Metrobus Sur - Ramal Fernández de la Cruz,Boedo - Sentido Gral Paz,,Agosto 2013,2013-08
"POINT (-58.4189046619207 -34.6397227720488)","51",Caseros,FERNANDEZ DE LA CRUZ AV,,Entre Caseros y Trole,23 - 101 - 143,,Metrobus Sur - Ramal Fernández de la Cruz,Caseros - Sentido Constitución,,Agosto 2013,2013-08
"POINT (-58.4279752987995 -34.6475605053147)","53",Del Barco Centenera,FERNANDEZ DE LA CRUZ AV,,Entre Lanza y Del Barco Centenera,101 - 143,101 - 143 - 150,Metrobus Sur - Ramal Fernández de la Cruz,Del Barco Centenera,,Agosto 2013,2013-08
"POINT (-58.4618089710669 -34.7045196955955)","66",Puente La Noria,GRAL. PAZ AV.,27 DE FEBRERO AV,GRAL. PAZ AV & 27 DE FEBRERO AV,,,Metrobus Sur,Puente La Noria,,Agosto 2013,2013-08
"POINT (-58.4663748210599 -34.694684542896)","69",Piedrabuena,ROCA CNEL AV,,Entre Piedrabuena y Guaminí,91 - 101 - 114 - 117,91 - 114 - 117,Metrobus Sur - Ramal Coronel Roca,Piedrabuena,,Agosto 2013,2013-08
"POINT (-58.4632925415865 -34.6918763323307)","70",Lisandro de la Torre,ROCA CNEL AV,,Entre Lisandro de la Torre y Timoteo Gordillo,47 - 91 - 114 - 117 -150,47 - 91 - 114 - 117,Metrobus Sur - Ramal Coronel Roca,Lisandro de la Torre,,Agosto 2013,2013-08
"POINT (-58.4513367423519 -34.6809899399233)","72",Escalada,ROCA CNEL AV,,Entre Escalada y Pasaje Roca,91 - 115,91 - 115,Metrobus Sur - Ramal Coronel Roca,Escalada,,Agosto 2013,2013-08
"POINT (-58.4486518954874 -34.6771783843168)","73",Estadio Parque Roca,ROCA CNEL AV,,Entre Escalada y Lacarra,91 - 115,91 - 115,Metrobus Sur - Ramal Coronel Roca,Estadio Parque Roca,,Agosto 2013,2013-08
"POINT (-58.445897537114 -34.6727014087602)","74",Parque Roca,ROCA CNEL AV,,Entre Escalada y Lacarra,91 - 115,91 - 115,Metrobus Sur - Ramal Coronel Roca,Parque Roca,,Agosto 2013,2013-08
"POINT (-58.4406620777219 -34.6666823644819)","75",Mariano Acosta,ROCA CNEL AV,,Entre Pergamino y Mariano Acosta,91 - 115,91 - 115,Metrobus Sur - Ramal Coronel Roca,Mariano Acosta,,Agosto 2013,2013-08
"POINT (-58.4430835454399 -34.6689700922229)","76",Lacarra,ROCA CNEL AV,,Entre Mariano Acosta y Lacarra,91 - 115,91 - 115,Metrobus Sur - Ramal Coronel Roca,Lacarra,,Agosto 2013,2013-08
"POINT (-58.416372101963 -34.6520163196804)","83",Av Sáenz -Centro de Transbordo,SAENZ AV,,Entre Av Perito Moreno y Av Rabanal,9 - 15 - 28 - 31 - 32 - 75 - 85 - 91 - 112 - 115 - 128 - 160 - 165 - 188,9 - 15 - 28 - 31 - 32 - 46 - 75 - 85 - 91 - 112 - 115 - 128 - 160 - 165 - 188,Metrobus Sur - Ramal Coronel Roca,Av Sáenz - Centro de Transbordo,Av Sáenz -Centro de Transbordo (Pompeya),Marzo 2015,2015-03
"POINT (-58.4066022427091 -34.6338889578004)","89",La Rioja,BRASIL AV,,Entre La Rioja y Gral Urquiza,6 - 97 -143,,Metrobus Sur - Ramal Coronel Roca,La Rioja - Sentido Constitución,,Agosto 2013,2013-08
"POINT (-58.4009974665398 -34.6317747254111)","90",Jujuy,BRASIL AV,,Entre Jujuy y Catamarca,6 - 97 -143,,Metrobus Sur - Ramal Coronel Roca,Jujuy - Sentido Constitución,,Agosto 2013,2013-08
"POINT (-58.3955662389144 -34.6302516973252)","91",Garrahan,BRASIL AV,,Entre Pichincha y Combate de los Pozos,6 - 97 -143,,Metrobus Sur - Ramal Coronel Roca,Garrahan - Sentido Constitución,,Agosto 2013,2013-08
"POINT (-58.3921088257108 -34.6295982912763)","92",Entre Ríos,BRASIL AV,,Entre Pichincha y Combate de los Pozos,6 - 97 -143,,Metrobus Sur - Ramal Coronel Roca,Entre Ríos - Sentido Constitución,,Agosto 2013,2013-08
"POINT (-58.4602820846902 -34.6890750870822)","93",Soldado de la Frontera,ROCA CNEL AV,,Entre Soldado de la Frontera y Racedo,47 - 91 - 114 - 115 - 117 - 141 - 150,91 - 115,Metrobus Sur - Ramal Coronel Roca,Soldado de la Frontera,,Agosto 2013,2013-08
"POINT (-58.4611389739931 -34.5569010629068)","102",Roosevelt,CABILDO AV,,Entre Roosvelt y Manuel Ugarte,41 - 57 - 60 - 194,,Metrobus Norte - Av Cabildo,Roosevelt - Sentido Provincia/Gral Paz,,Junio 2015,2015-06
"POINT (-58.4619927130167 -34.5559885872479)","103",Ugarte,CABILDO AV,,Entre Manuel Ugarte y Av Congreso,59 - 68 - 133 - 152 - 161,,Metrobus Norte - Av Cabildo,Ugarte - Sentido Provincia/Gral Paz,,Junio 2015,2015-06
"POINT (-58.4629802582661 -34.5549692033806)","104",Congreso,CABILDO AV,,Entre Av Congreso y Quesada,29 - 60 - 168 - 184,,Metrobus Norte - Av Cabildo,Congreso - Sentido Provincia/Gral Paz,,Junio 2015,2015-06
"POINT (-58.4630402490728 -34.555034107934)","105",Congreso,CABILDO AV,,Entre Av Congreso y Quesada,,59 - 60 - 68 - 152 - 161,Metrobus Norte - Av Cabildo,Congreso - Sentido CABA/Pacífico,,Junio 2015,2015-06
"POINT (-58.4640554582647 -34.5540376226774)","106",Quesada,CABILDO AV,,Entre Quesada e Iberá,,29 - 57- 133 - 168 - 184 - 194,Metrobus Norte - Av Cabildo,Quesada - Sentido CABA/Pacífico,,Junio 2015,2015-06
"POINT (-58.4653705684243 -34.5523958932499)","107",Iberá,CABILDO AV,,Entre Guayra y Campos Salles,60 - 133 - 168,,Metrobus Norte - Av Cabildo,Iberá - Sentido Provincia/Gral Paz,,Junio 2015,2015-06
"POINT (-58.4647983861975 -34.5530984026761)","108",Iberá,CABILDO AV,,Entre Iberá y Guayra,59 - 68 - 152 - 161,,Metrobus Norte - Av Cabildo,Iberá - Sentido Provincia/Gral Paz,,Junio 2015,2015-06
"POINT (-58.4658043124177 -34.5518461016954)","109",Campos Salles,CABILDO AV,,Entre Campos Salles y Manuela Pedraza,29 - 184,,Metrobus Norte - Av Cabildo,Campos Salles - Sentido Provincia/Gral Paz,,Junio 2015,2015-06
"POINT (-58.4663619033149 -34.5512704722739)","110",Manuela Pedraza,CABILDO AV,,Entre Manuela Pedraza y Juana Azurduy,,59 - 60 - 68 - 152,Metrobus Norte - Av Cabildo,Manuela Pedraza - Sentido CABA/Pacífico,,Junio 2015,2015-06
"POINT (-58.466966582846 -34.5505085051723)","111",Juana Azurduy,CABILDO AV,,Entre Juana Azurduy y Núñez,,133 - 161 - 168 - 184,Metrobus Norte - Av Cabildo,Juana Azurduy - Sentido CABA/Pacífico,,Junio 2015,2015-06
"POINT (-58.4677332792082 -34.5494489437135)","112",Núñez,CABILDO AV,,Entre Núñez y Crisólogo Larralde,59 - 60 - 68 - 133 - 152 - 161 - 168 - 184,,Metrobus Norte - Av Cabildo,Núñez - Sentido Provincia/Gral Paz,,Junio 2015,2015-06
"POINT (-58.4683023646823 -34.5487196728523)","114",Crisólogo Larralde,CABILDO AV,,Entre Crisólogo Larralde y Av Comodoro Rivadavia,57 - 194,,Metrobus Norte - Av Cabildo,Crisólogo Larralde - Sentido Provincia/Gral Paz,,Junio 2015,2015-06
"POINT (-58.4690927561367 -34.547856311208)","115",Manzanares,CABILDO AV,,Entre Av García del Río y Manzanares,,59 - 60 - 68 - 133 - 152,Metrobus Norte - Av Cabildo,Manzanares - Sentido CABA/Pacífico,,Junio 2015,2015-06
"POINT (-58.4702624740901 -34.5462309734205)","116",Vilela,CABILDO AV,,Entre Paroissien y Vilela,59 - 68 - 152 - 161,,Metrobus Norte - Av Cabildo,Vilela - Sentido Provincia/Gral Paz,,Junio 2015,2015-06
"POINT (-58.4706971573893 -34.5456521267939)","117",Besares,CABILDO AV,,Entre Vilela y Besares,60 - 133 - 168 - 184,,Metrobus Norte - Av Cabildo,Besares - Sentido Provincia/Gral Paz,,Junio 2015,2015-06
"POINT (-58.4713175689054 -34.5449261082213)","118",Ruiz Huidobro,CABILDO AV,,Entre Besares y Ruiz Huidobro,,59 - 60 - 68 - 152,Metrobus Norte - Av Cabildo,Ruiz Huidobro - Sentido CABA/Pacífico,,Junio 2015,2015-06
"POINT (-58.4718233637922 -34.5442393370007)","119",Correa,CABILDO AV,,Entre Ruiz Huidobro y Correa,,133 - 161 - 168 - 184,Metrobus Norte - Av Cabildo,Correa - Sentido CABA/Pacífico,,Junio 2015,2015-06
"POINT (-58.4723607485782 -34.5433955932041)","120",Ramallo,CABILDO AV,,Entre Correa y Ramallo,59 - 68 - 152 - 161,,Metrobus Norte - Av Cabildo,Ramallo - Sentido Provincia/Gral Paz,,Junio 2015,2015-06
"POINT (-58.4729178936884 -34.5426434099019)","121",Arias,CABILDO AV,,Entre Ramallo y Arias,60 - 133 - 168 - 184,,Metrobus Norte - Av Cabildo,Arias - Sentido Provincia/Gral Paz,,Junio 2015,2015-06
"POINT (-58.4735382640231 -34.5419206498613)","122",Deheza,CABILDO AV,,Entre Arias y Deheza,,59 - 60 - 68 - 152,Metrobus Norte - Av Cabildo,Deheza - Sentido CABA/Pacífico,,Junio 2015,2015-06
"POINT (-58.474099341091 -34.5411717308058)","123",Pico,CABILDO AV,,Entre Deheza y Pico,,133 - 161 - 168 - 184,Metrobus Norte - Av Cabildo,Pico - Sentido CABA/Pacífico,,Junio 2015,2015-06
"POINT (-58.4757449191797 -34.5388212019738)","124",Puente Saavedra,CABILDO AV,PAZ GRAL AV,Debajo de la Av Gral Paz,59 - 130 - 152 - 184,,Metrobus Norte - Av Cabildo,Puente Saavedra - Sentido Provincia/Gral Paz,,Junio 2015,2015-06
"POINT (-58.4759249866061 -34.5389011995107)","125",Puente Saavedra,CABILDO AV,PAZ GRAL AV,Debajo de la Av Gral Paz,,152 - 161 - 184,Metrobus Norte - Av Cabildo,Puente Saavedra - Sentido CABA/Pacífico,,Junio 2015,2015-06
"POINT (-58.4755148362968 -34.5387370706234)","126",Puente Saavedra,CABILDO AV,PAZ GRAL AV,Debajo de la Av Gral Paz,21 - 60 - 68 - 133 - 151 - 168,,Metrobus Norte - Av Cabildo,Puente Saavedra - Sentido Provincia/Gral Paz,,Junio 2015,2015-06
"POINT (-58.4761367416021 -34.5390487937852)","127",Puente Saavedra,CABILDO AV,PAZ GRAL AV,Debajo de la Av Gral Paz,,19 - 59 - 71 - 130 - 151,Metrobus Norte - Av Cabildo,Puente Saavedra - Sentido CABA/Pacífico,,Junio 2015,2015-06
"POINT (-58.4772934124832 -34.53590485531)","128",Laprida,MAIPU AV,,Entre Aristóbulo del Valle y Francisco Narciso de Laprida,19 - 59 - 60 -71 - 130 - 152,,Metrobus Norte - Av Maipú (provincia),Laprida - Sentido Provincia de Buenos Aires,,Junio 2015,2015-06
"POINT (-58.4777865363728 -34.5349376198706)","129",Alsina,MAIPU AV,,Entre Narciso de Laprida y Adolfo Alsina,21 - 161 - 168 - 184 - 203 - 314 - 365,,Metrobus Norte - Av Maipú (provincia),Alsina - Sentido Provincia de Buenos Aires,,Junio 2015,2015-06
"POINT (-58.4783707266325 -34.534020613533)","130",Álvarez,MAIPU AV,,Entre Adolfo Alsina y Agustín Álvarez,,19 - 59 - 71 -152 - 161,Metrobus Norte - Av Maipú (provincia),Álvarez - Sentido Ciudad de Buenos Aires,,Junio 2015,2015-06
"POINT (-58.4788562477194 -34.5331036173575)","131",Lavalle,MAIPU AV,,Entre Agustín Álvarez y Gral Lavalle,,60 - 130 - 168 - 203 - 314 - 365,Metrobus Norte - Av Maipú (provincia),Lavalle - Sentido Ciudad de Buenos Aires,,Junio 2015,2015-06
"POINT (-58.4791899696606 -34.5321301164309)","132",Las Heras,MAIPU AV,,Entre Gral Lavalle y Las Heras,19 - 59 - 60 - 71 - 130 - 152 - 168,,Metrobus Norte - Av Maipú (provincia),Las Heras - Sentido Provincia de Buenos Aires,,Junio 2015,2015-06
"POINT (-58.4796906368785 -34.5311565913277)","133",Guemes,MAIPU AV,,Entre Las Heras y Guemes,21 - 161 - 184 - 203 - 314 - 365,,Metrobus Norte - Av Maipú (provincia),Guemes - Sentido Provincia de Buenos Aires,,Junio 2015,2015-06
"POINT (-58.4803278861515 -34.53017048365)","134",Melo,MAIPU AV,,Entre Guemes y Melo,,19 - 59- 71 -152,Metrobus Norte - Av Maipú (provincia),Melo - Sentido Ciudad de Buenos Aires,,Junio 2015,2015-06
"POINT (-58.480798202552 -34.5293288457776)","135",Haedo,MAIPU AV,,Entre Melo y Haedo,,60 - 130 - 168 - 203 - 314 - 365,Metrobus Norte - Av Maipú (provincia),Haedo - Sentido Ciudad de Buenos Aires,,Junio 2015,2015-06
"POINT (-58.4813063795186 -34.5281606210937)","136",Santa Rosa,MAIPU AV,,Entre Martín J. Haedo y Santa Rosa,19 - 59 - 71 - 152,,Metrobus Norte - Av Maipú (provincia),Santa Rosa - Sentido Provincia de Buenos Aires,,Junio 2015,2015-06
"POINT (-58.4817387412269 -34.5273566673145)","137",Roca,MAIPU AV,,Entre Santa Rosa y Roca,60 - 130 - 168 - 203 - 314 -365,,Metrobus Norte - Av Maipú (provincia),Roca - Sentido Provincia de Buenos Aires,,Junio 2015,2015-06
"POINT (-58.4823911333256 -34.5264521907117)","138",Urquiza,MAIPU AV,,Entre Roca y Urquiza,,19 - 59 - 71 - 152,Metrobus Norte - Av Maipú (provincia),Urquiza - Sentido Ciudad de Buenos Aires,,Junio 2015,2015-06
"POINT (-58.482922086928 -34.5254974876937)","139",Vergara,MAIPU AV,,Entre Urquiza y Vergara,,60 - 130 - 168 - 203 - 314 - 365,Metrobus Norte - Av Maipú (provincia),Vergara - Sentido Ciudad de Buenos Aires,,Junio 2015,2015-06
"POINT (-58.4833695259172 -34.5244109085759)","140",San Martín,MAIPU AV,,Entre Vergara y Gral San Martín,19 - 60 - 71 - 130 - 168,,Metrobus Norte - Av Maipú (provincia),San Martín - Sentido Provincia de Buenos Aires,,Junio 2015,2015-06
"POINT (-58.483892867336 -34.523456202311)","141",Arenales,MAIPU AV,,Entre Gral San Martín y Arenales,59 - 152,,Metrobus Norte - Av Maipú (provincia),Arenales - Sentido Provincia de Buenos Aires,,Junio 2015,2015-06
"POINT (-58.4843858562533 -34.5225454616651)","142",Libertad,MAIPU AV,,Entre Arenales y Libertad,203 - 314 - 365,,Metrobus Norte - Av Maipú (provincia),Libertad - Sentido Provincia de Buenos Aires,,Junio 2015,2015-06
"POINT (-58.4850457433214 -34.5215404828578)","143",Yrigoyen,MAIPU AV,,Entre Libertad e Hipólito Yrigoyen,,19 - 59 - 71 - 152,Metrobus Norte - Av Maipú (provincia),Yrigoyen - Sentido Ciudad de Buenos Aires,,Junio 2015,2015-06
"POINT (-58.4856676255012 -34.5203533765764)","144",Italia,MAIPU AV,,Entre Hipólito Yrigoyen e Italia,,21 - 60 - 203 - 314 - 365,Metrobus Norte - Av Maipú (provincia),Italia - Sentido Ciudad de Buenos Aires,,Junio 2015,2015-06
"POINT (-58.4862439232863 -34.5190218270208)","145",Malaver,MAIPU AV,,Entre Italia y Antonio Malaver,19 - 21 - 59 - 60 - 71 - 152 - 203 - 314 - 365,,Metrobus Norte - Av Maipú (provincia),Malaver - Sentido Provincia de Buenos Aires,,Junio 2015,2015-06
"POINT (-58.4593144621467 -34.6042763149154)","147",Pappo Napolitano,AV SAN MARTIN,,Entre Juan B. Justo y Fragata Sarmiento,,Sentido Este: 24 - 57 - 105 - 135 - 146,Metrobus Av San Martín,Pappo Napolitano,,Marzo 2016,2016-03
"POINT (-58.4652151930452 -34.6027749295805)","148",Donato Álvarez,AV SAN MARTIN,,Entre Juan A. García y Adolfo Dickman,Sentido Oeste: 24 - 57 - 105 - 109 - 135 - 146,Sentido Este: 24 - 57 - 105 - 109 - 135 - 146,Metrobus Av San Martín,Donato Álvarez,,Marzo 2016,2016-03
"POINT (-58.4701196552181 -34.6015854135541)","149",Argentinos Juniors,AV SAN MARTIN,,Entre Álvarez Jonte y Miguel Ángel,Sentido Oeste: 24 - 57 - 105 - 146,Sentido Este: 24 - 57 - 105 - 146,Metrobus Av San Martín,Argentinos Juniors,,Marzo 2016,2016-03
"POINT (-58.480939832333 -34.5987624272878)","150",Empedrado,AV SAN MARTIN,,Entre Basilio Cittadini y Gral Rivas,Sentido Oeste: 47 - 57 - 78 - 105 - 146,Sentido Este: 47 - 57 - 78 - 105 - 146,Metrobus Av San Martín,Empedrado,,Marzo 2016,2016-03
"POINT (-58.4835262391179 -34.5977518973572)","151",Agronomía,AV SAN MARTIN,,Entre Gral Rivas y Melincué,Sentido Oeste: 57 - 78 - 105 - 146,Sentido Este: 57 - 78 - 105 - 146,Metrobus Av San Martín,Agronomía,,Marzo 2016,2016-03
"POINT (-58.4868926516253 -34.597481367995)","152",2 de Abril,AV SAN MARTIN,,Entre Melincué y est. Plurinacional de Bolivia,Sentido Oeste: 57 - 78 - 105 - 146,Sentido Este: 57 - 78 - 105 - 146,Metrobus Av San Martín,2 de Abril,,Marzo 2016,2016-03
"POINT (-58.4914967529747 -34.5971621586626)","153",Comunicaciones,AV SAN MARTIN,,Entre Tinogasta y Nazca,Sentido Oeste: 57 - 78 - 105 - 146,Sentido Este: 57 - 78 - 105 - 146,Metrobus Av San Martín,Comunicaciones,,Marzo 2016,2016-03
"POINT (-58.4951986182815 -34.596915822264)","154",Roffo,AV SAN MARTIN,,Entre Nazca y Beiró,Sentido Oeste: 57 - 78 - 105 - 146,Sentido Este: 57 - 78 - 105 - 146,Metrobus Av San Martín,Roffo,,Marzo 2016,2016-03
"POINT (-58.4993825715727 -34.5959967210566)","155",Solano López,AV SAN MARTIN,,Entre Navarro y Pedro Morán,Sentido Oeste: 57 - 78,Sentido Este: 57 - 78 - 105,Metrobus Av San Martín,Solano López,,Marzo 2016,2016-03
"POINT (-58.5075029500653 -34.5929778140264)","156",Cubas,AV SAN MARTIN,,Entre Habana y Vallejos,Sentido Oeste: 57 - 78 - 123 - 176,Sentido Este: 57 - 78,Metrobus Av San Martín,Cubas,,Marzo 2016,2016-03
"POINT (-58.5111921840825 -34.5916313705306)","157",Mosconi,AV SAN MARTIN,,Entre Gabriela Mistral y Carlos Antonio López,Sentido Oeste: 57 - 78 - 87 - 123 - 176,Sentido Este: 57 - 78 - 123 - 176,Metrobus Av San Martín,Mosconi,,Marzo 2016,2016-03
"POINT (-58.5151947684576 -34.5904202833159)","158",Ladines,AV SAN MARTIN,,Entre Griveo y Cabezón José León,Sentido Oeste: 57 - 78 - 87 - 123 - 176,Sentido Este: 57 - 78 - 87 - 123 - 176,Metrobus Av San Martín,Ladines,,Marzo 2016,2016-03
"POINT (-58.4603359770131 -34.557893709816)","159",Monroe,CABILDO AV,,Entre Av Monroe y Roosevelt,,29 - 41 - 59 - 60 - 152 - 161,Metrobus Norte - Av Cabildo,Monroe - Sentido CABA/Pacífico,,Noviembre 2016,2016-11
"POINT (-58.4597690625198 -34.5585471609047)","160",Blanco Encalada,CABILDO AV,,Entre Blanco Encalada y Av Monroe,,68 - 168 - 184,Metrobus Norte - Av Cabildo,Blanco Encalada - Sentido CABA/Pacífico,,Noviembre 2016,2016-11
"POINT (-58.4592693598874 -34.5589101308963)","161",Blanco Encalada,CABILDO AV,,Entre Blanco Encalada y Av Monroe,161 - 168 - 184,,Metrobus Norte - Av Cabildo,Blanco Encalada - Sentido Provincia/Gral Paz,,Noviembre 2016,2016-11
"POINT (-58.4586468663702 -34.5596880885292)","162",Olazábal,CABILDO AV,,Entre Olazábal y Blanco Encalada,29 - 41 - 59 - 60 - 68 - 152,,Metrobus Norte - Av Cabildo,Olazábal - Sentido Provincia/Gral Paz,,Noviembre 2016,2016-11
"POINT (-58.4579822682128 -34.5605738222489)","163",Mendoza,CABILDO AV,,Entre Mendoza y Olazábal,,29 - 41 - 59 - 60 - 68 - 152 - 161,Metrobus Norte - Av Cabildo,Mendoza - Sentido CABA/Pacífico,,Noviembre 2016,2016-11
"POINT (-58.4571422863906 -34.5614442726841)","164",Juramento,CABILDO AV,,Entre Juramento y Mendoza,57 - 194,,Metrobus Norte - Av Cabildo,Juramento - Sentido Provincia/Gral Paz,,Noviembre 2016,2016-11
"POINT (-58.4554714829533 -34.5633875060733)","165",Sucre,CABILDO AV,,Entre Sucre y Echeverría,41 - 59 - 60 - 63 - 67 - 68 - 152 - 161 - 168 - 184,,Metrobus Norte - Av Cabildo,Sucre - Sentido Provincia/Gral Paz,,Noviembre 2016,2016-11
"POINT (-58.454769894658 -34.5643330336182)","166",La Pampa,CABILDO AV,,Entre La Pampa y Sucre,,44 - 63 - 65 - 80 - 168 - 184,Metrobus Norte - Av Cabildo,La Pampa - Sentido CABA/Pacífico,,Noviembre 2016,2016-11
"POINT (-58.4528456948676 -34.5658770344114)","167",Virrey del Pino,CABILDO AV,,Entre Virrey del Pino y José Hernández,,57 - 194,Metrobus Norte - Av Cabildo,Virrey del Pino - Sentido CABA/Pacífico,,Noviembre 2016,2016-11
"POINT (-58.4516101871309 -34.5665069663215)","168",Virrey Arredondo,CABILDO AV,,Entre Virrey Arredondo y Virrey del Pino,,41 - 59 - 60 - 63 - 67 - 68 - 152 - 161,Metrobus Norte - Av Cabildo,Virrey Arredondo - Sentido CABA/Pacífico,,Noviembre 2016,2016-11
"POINT (-58.4501834432642 -34.5671986472451)","169",Virrey Loreto,CABILDO AV,,Entre Virrey Loreto y Virrey Arredondo,59 - 60 - 152,,Metrobus Norte - Av Cabildo,Virrey Loreto - Sentido Provincia/Gral Paz,,Noviembre 2016,2016-11
"POINT (-58.4492771548003 -34.5676742220325)","170",Zabala,CABILDO AV,,Entre Céspedes y Virrey Loreto,41 - 63 - 67 - 68 - 161,,Metrobus Norte - Av Cabildo,Zabala - Sentido Provincia/Gral Paz,,Noviembre 2016,2016-11
"POINT (-58.4485755419468 -34.568137383314)","171",Céspedes,CABILDO AV,,Entre Céspedes y Zabala,,59 - 60 - 63 - 67,Metrobus Norte - Av Cabildo,Céspedes - Sentido CABA/Pacífico,,Noviembre 2016,2016-11
"POINT (-58.4476031423201 -34.5686463223222)","172",Aguilar,CABILDO AV,,Entre Aguilar y Céspedes,,41 - 68 - 152 - 161,Metrobus Norte - Av Cabildo,Aguilar - Sentido CABA/Pacífico,,Noviembre 2016,2016-11
"POINT (-58.4467630017936 -34.5689919915472)","173",Palpa,CABILDO AV,,Entre Palpa y Aguilar,59 - 60 - 152,,Metrobus Norte - Av Cabildo,Palpa - Sentido Provincia/Gral Paz,,Noviembre 2016,2016-11
"POINT (-58.4444956007118 -34.5701007872381)","174",Olleros,CABILDO AV,,Entre Olleros y Av Federizo Lacroze,68 - 161,,Metrobus Norte - Av Cabildo,Olleros - Sentido Provincia/Gral Paz,,Noviembre 2016,2016-11
"POINT (-58.4422402991583 -34.5713305367152)","176",Maure,CABILDO AV,,Entre Maure y Gorostiaga,,57 - 194,Metrobus Norte - Av Cabildo,Maure - Sentido CABA/Pacífico,,Noviembre 2016,2016-11
"POINT (-58.4402531609049 -34.5723384714251)","178",Matienzo,CABILDO AV,,Entre Benjamín Matienzo y Jorge Newbery,57 - 194,,Metrobus Norte - Av Cabildo,Matienzo - Sentido Provincia/Gral Paz,,Noviembre 2016,2016-11
"POINT (-58.4222263710932 -34.5806717515867)","184",Thames,SANTA FE AV,,Entre Uriarte y Thames,,55 - 160,Centro de Transbordo Pacífico,Thames - Sentido Ciudad de Buenos Aires,,Noviembre 2016,2016-11
"POINT (-58.4270279569102 -34.5779921345942)","189",Juan B. Justo,SANTA FE AV,,Entre Av Juan B Justo y Humboldt,,64 - 68 - 161,Centro de Transbordo Pacífico,Juan B. Justo - Sentido Ciudad de Buenos Aires,,Noviembre 2016,2016-11
"POINT (-58.4463801333485 -34.5691795973681)","193",Teodoro García,CABILDO AV,,Entre Teodoro García y Palpa,41 - 63 - 67,,Metrobus Norte - Av Cabildo,Teodoro García - Sentido Provincia/Gral Paz,,Noviembre 2016,2016-11
"POINT (-58.3693190673594 -34.614190013419)","194",México,PASEO COLON AV.,,Entre México y Rep. Bolivariana de Venezuela,,33 - 143 - 159,Metrobus del Bajo,México - Sentido Sur,,Junio 2017,2017-06
"POINT (-58.3692278185134 -34.6152821966222)","195",Chile,PASEO COLON AV.,,Entre Chile y México,,8 - 74 - 86 - 93,Metrobus del Bajo,Chile - Sentido Sur,,Junio 2017,2017-06
"POINT (-58.3692453898642 -34.6164565178942)","196",Av Independencia,PASEO COLON AV.,,Entre Av Independencia y Chile,,61 - 64 - 130 - 152,Metrobus del Bajo,Av Independencia - Sentido Sur,,Junio 2017,2017-06
"POINT (-58.3690046313553 -34.6164382369327)","197",Av Independencia,PASEO COLON AV.,,Entre Av Independencia y Chile,29 - 62 - 152,,Metrobus del Bajo,Av Independencia - Sentido Norte,,Junio 2017,2017-06
"POINT (-58.3691044267011 -34.6152846748631)","198",Chile,PASEO COLON AV.,,Entre Chile y México,33 - 64 - 130 -143,,Metrobus del Bajo,Chile - Sentido Norte,,Junio 2017,2017-06
"POINT (-58.3691767978924 -34.6141853803653)","199",México,PASEO COLON AV.,,Entre México y Rep. Bolivariana de Venezuela,74 - 93 - 159,,Metrobus del Bajo,México - Sentido Norte,,Junio 2017,2017-06
"POINT (-58.3694640530669 -34.6117652199006)","200",Av Belgrano,PASEO COLON AV.,,Entre Av Belgrano y Moreno,,61 - 64 - 93 - 111 - 130 - 152,Metrobus del Bajo,Av Belgrano - Sentido Sur,,Junio 2017,2017-06
"POINT (-58.3694872757394 -34.6105708813883)","201",Moreno,PASEO COLON AV.,,Entre Moreno y Adolfo Alsina,,8 - 33 - 74 - 86 - 143 - 159,Metrobus del Bajo,Moreno - Sentido Sur,,Junio 2017,2017-06
"POINT (-58.3695209863806 -34.6097837176594)","202",Alsina,PASEO COLON AV.,,Entre Adolfo Alsina e Hipólito Yrigoyen,,"195",Metrobus del Bajo,Alsina - Sentido Sur,,Junio 2017,2017-06
"POINT (-58.3694225039444 -34.6097745942508)","203",Alsina,PASEO COLON AV.,,Entre Adolfo Alsina e Hipólito Yrigoyen,"195",,Metrobus del Bajo,Alsina - Sentido Norte,,Junio 2017,2017-06
"POINT (-58.3693887822543 -34.6105708060988)","204",Moreno,PASEO COLON AV.,,Entre Moreno y Adolfo Alsina,29 - 64 - 74 - 93 - 159,,Metrobus del Bajo,Moreno - Sentido Norte,,Junio 2017,2017-06
"POINT (-58.3693217927934 -34.6117560629484)","205",Av Belgrano,PASEO COLON AV.,,Entre Av Belgrano y Moreno,33 - 62 - 130 - 143 - 152,,Metrobus del Bajo,Av Belgrano - Sentido Norte,,Junio 2017,2017-06
"POINT (-58.3700628160926 -34.6047488296103)","206",Perón,ALEM LEANDRO N. AV.,,Entre Perón Juan D y Sarmiento,7 - 22 - 28 - 33 - 126 - 143,,Metrobus del Bajo,Perón - Sentido Norte,,Junio 2017,2017-06
"POINT (-58.3701461029791 -34.6036540649886)","207",Sarmiento,ALEM LEANDRO N. AV.,,Entre Sarmiento y Av Corrientes,56 - 62 - 91 - 93 - 130 - 152,,Metrobus del Bajo,Sarmiento - Sentido Norte,,Junio 2017,2017-06
"POINT (-58.3702719353077 -34.603663208537)","208",Sarmiento,ALEM LEANDRO N. AV.,,Entre Sarmiento y Av Corrientes,,22 - 28 - 50 - 56 - 91 - 126,Metrobus del Bajo,Sarmiento - Sentido Sur,,Junio 2017,2017-06
"POINT (-58.370471486762 -34.6013289325984)","209",Lavalle,ALEM LEANDRO N. AV.,,Entre Lavalle y Tucumán,,7 - 33 - 143 - 195,Metrobus del Bajo,Lavalle - Sentido Sur,,Junio 2017,2017-06
"POINT (-58.370377223833 -34.6024598822269)","210",Av Corrientes,ALEM LEANDRO N. AV.,,Entre Av Corrientes y Lavalle,,61 - 93 - 130 - 152,Metrobus del Bajo,Av Corrientes - Sentido Sur,,Junio 2017,2017-06
"POINT (-58.3715558018252 -34.5975538633411)","211",Av Córdoba,ALEM LEANDRO N. AV.,,Entre Av Córdoba y Paraguay,7 - 22 - 33 - 62 - 143 - 152,,Metrobus del Bajo,Av Córdoba - Sentido Norte,,Junio 2017,2017-06
"POINT (-58.3716444298996 -34.5975832554361)","212",Av Córdoba,ALEM LEANDRO N. AV.,,Entre Av Córdoba y Paraguay,,22 - 28 - 50 - 56 - 61 - 126 - 152,Metrobus del Bajo,Av Córdoba - Sentido Sur,,Junio 2017,2017-06
"POINT (-58.3706041552246 -34.6000984818086)","213",Tucumán,ALEM LEANDRO N. AV.,,Entre Tucumán y Viamonte,6 - 26 - 50 - 195,,Metrobus del Bajo,Tucumán - Sentido Norte,,Junio 2017,2017-06
"POINT (-58.3708898858809 -34.5989812480293)","214",Viamonte,ALEM LEANDRO N. AV.,,Entre Viamonte y Av Córdoba,23 - 93 - 115 - 130,,Metrobus del Bajo,Viamonte - Sentido Norte,,Junio 2017,2017-06
"POINT (-58.3730336804268 -34.5947075794746)","215",Ricardo Rojas,ALEM LEANDRO N. AV.,,Entre Ricardo Rojas y San Martín,,7 - 33 - 143,Metrobus del Bajo,Ricardo Rojas - Sentido Sur,,Junio 2017,2017-06
"POINT (-58.3726225191759 -34.5954944681167)","216",Marcelo T. de Alvear,ALEM LEANDRO N. AV.,,Entre Marcelo T. de Alvear y Ricardo Rojas,,5 - 9- 45 - 91 - 93 - 130,Metrobus del Bajo,Marcelo T. de Alvear - Sentido Sur,,Junio 2017,2017-06
"POINT (-58.3720741545137 -34.5966703249931)","217",Paraguay,ALEM LEANDRO N. AV.,,Entre Paraguay y Marcelo T. de Alvear,,6 - 23 - 26 -115 - 132,Metrobus del Bajo,Paraguay - Sentido Sur,,Junio 2017,2017-06
"POINT (-58.3719647699699 -34.5966385750944)","218",Paraguay,ALEM LEANDRO N. AV.,,Entre Paraguay y Marcelo T. de Alvear,28 - 56 - 91 - 126 - 132,,Metrobus del Bajo,Paraguay - Sentido Norte,,Junio 2017,2017-06
"POINT (-58.5255819719485 -34.6390549664759)","338",Ctro. Transbordo Liniers,RIVADAVIA AV.,,Entre Montiel y Carhué,Sentido Oeste: 8 - 47,,Centro de Transbordo Liniers,Ctro. Transbordo Liniers - Sentido Provincia de Buenos Aires,,Noviembre 2018,2018-11
"POINT (-58.5246593929259 -34.6389821243244)","339",Ctro. Transbordo Liniers,RIVADAVIA AV.,,Entre Carhué y Cosquín,Sentido Oeste: 80 - 117,,Centro de Transbordo Liniers,Ctro. Transbordo Liniers - Sentido Provincia de Buenos Aires,,Noviembre 2018,2018-11
"POINT (-58.5241862713829 -34.6389383751624)","340",Ctro. Transbordo Liniers,RIVADAVIA AV.,,Entre Carhué y Cosquín,Sentido Oeste: 46 - 174 - 185,,Centro de Transbordo Liniers,Ctro. Transbordo Liniers - Sentido Provincia de Buenos Aires,,Noviembre 2018,2018-11
"POINT (-58.5241744910467 -34.6390019201972)","341",Ctro. Transbordo Liniers,RIVADAVIA AV.,,Entre Carhué y Cosquín,,Sentido Este: 136 - 153 - 163,Centro de Transbordo Liniers,Ctro. Transbordo Liniers - Sentido Ciudad de Buenos Aires,,Noviembre 2018,2018-11
"POINT (-58.5246535229278 -34.6390407787793)","342",Ctro. Transbordo Liniers,RIVADAVIA AV.,,Entre Carhué y Cosquín,,Sentido Este: 47 - 80,Centro de Transbordo Liniers,Ctro. Transbordo Liniers - Sentido Ciudad de Buenos Aires,,Noviembre 2018,2018-11
"POINT (-58.525576102595 -34.6391136209738)","343",Ctro. Transbordo Liniers,RIVADAVIA AV.,,Entre Montiel y Carhué,,Sentido Este: 4 - 117,Centro de Transbordo Liniers,Ctro. Transbordo Liniers - Sentido Ciudad de Buenos Aires,,Noviembre 2018,2018-11
"POINT (-58.5259959920829 -34.6391427295129)","344",Ctro. Transbordo Liniers,RIVADAVIA AV.,,Entre Montiel y Carhué,,Sentido Este: 1 - 2 - 46,Centro de Transbordo Liniers,Ctro. Transbordo Liniers - Sentido Ciudad de Buenos Aires,,Noviembre 2018,2018-11
"POINT (-58.5268594377391 -34.6392155926727)","345",Ctro. Transbordo Liniers,RIVADAVIA AV.,,Entre José León Suárez y Montiel,,Sentido Este: 174 - 182 - 185,Centro de Transbordo Liniers,Ctro. Transbordo Liniers - Sentido Ciudad de Buenos Aires,,Noviembre 2018,2018-11
"POINT (-58.5272734183388 -34.6392495875435)","346",Ctro. Transbordo Liniers,RIVADAVIA AV.,,Entre José León Suárez y Montiel,,Sentido Este: 8 - 88 - 96,Centro de Transbordo Liniers,Ctro. Transbordo Liniers - Sentido Ciudad de Buenos Aires,,Noviembre 2018,2018-11
"POINT (-58.5272792865067 -34.6391909329666)","347",Ctro. Transbordo Liniers,RIVADAVIA AV.,,Entre José León Suárez y Montiel,Sentido Oeste: 2 - 4 - 182,,Centro de Transbordo Liniers,Ctro. Transbordo Liniers - Sentido Provincia de Buenos Aires,,Noviembre 2018,2018-11
"POINT (-58.5268653061961 -34.639156938115)","348",Ctro. Transbordo Liniers,RIVADAVIA AV.,,Entre José León Suárez y Montiel,Sentido Oeste: 136 - 153 - 163,,Centro de Transbordo Liniers,Ctro. Transbordo Liniers - Sentido Provincia de Buenos Aires,,Noviembre 2018,2018-11
"POINT (-58.5260018611428 -34.6390840749954)","349",Ctro. Transbordo Liniers,RIVADAVIA AV.,,Entre Montiel y Carhué,Sentido Oeste: 1 - 88 - 96,,Centro de Transbordo Liniers,Ctro. Transbordo Liniers - Sentido Provincia de Buenos Aires,,Noviembre 2018,2018-11
"POINT (-58.4303054238911 -34.5821231938721)","370",Guatemala,JUSTO JUAN B.,GUATEMALA,JUSTO JUAN B. & GUATEMALA,"166",,Metrobus Juan B. Justo,Guatemala - Sentido Pacífico,,Mayo 2011,2011-05
"POINT (-58.4348700068493 -34.5854907871515)","369",Honduras,JUSTO JUAN B.,HONDURAS,JUSTO JUAN B. & HONDURAS,"166",,Metrobus Juan B. Justo,Honduras - Sentido Pacífico,,Mayo 2011,2011-05
"POINT (-58.4408587375004 -34.5924088029341)","368",Aguirre,JUSTO JUAN B.,AGUIRRE,JUSTO JUAN B. & AGUIRRE,34 - 166,,Metrobus Juan B. Justo,Aguirre - Sentido Pacífico,,Mayo 2011,2011-05
"POINT (-58.4444762604848 -34.5949100058926)","367",Av. Corrientes,JUSTO JUAN B.,CORRIENTES,JUSTO JUAN B. & CORRIENTES,34 - 166,,Metrobus Juan B. Justo,Av. Corrientes - Sentido Pacífico,,Mayo 2011,2011-05
"POINT (-58.4478110416948 -34.5972104829495)","366",Murillo,JUSTO JUAN B.,MURILLO,JUSTO JUAN B. & MURILLO,34 - 166,,Metrobus Juan B. Justo,Murillo - Sentido Pacífico,,Mayo 2011,2011-05
"POINT (-58.4522819565776 -34.600306617871)","365",Av. Honorio Pueyrredón,JUSTO JUAN B.,PUEYRREDON HONORIO DR.,JUSTO JUAN B. & PUEYRREDON HONORIO DR.,34 - 109 - 166,,Metrobus Juan B. Justo,Av. Honorio Pueyrredón - Sentido Pacífico,,Mayo 2011,2011-05
"POINT (-58.4587059437455 -34.6046863999987)","364",Av. San Martín,JUSTO JUAN B.,SAN MARTIN AV.,JUSTO JUAN B. & SAN MARTIN AV.,34 - 109 - 110 - 166,,Metrobus Juan B. Justo,Av. San Martín - Sentido Pacífico,,Mayo 2011,2011-05
"POINT (-58.4629269796362 -34.6075514620554)","363",Av. Donato Alvarez,JUSTO JUAN B.,ALVAREZ DONATO Tte. Gral.,JUSTO JUAN B. & ALVAREZ DONATO Tte. Gral.,34 - 110 - 166,,Metrobus Juan B. Justo,Av. Donato Alvarez - Sentido Pacífico,,Mayo 2011,2011-05
"POINT (-58.4679974849145 -34.611419258083)","362",Boyaca,JUSTO JUAN B.,BOYACA,JUSTO JUAN B. & BOYACA,34 - 110 - 166,,Metrobus Juan B. Justo,Boyaca - Sentido Pacífico,,Mayo 2011,2011-05
"POINT (-58.4729106969869 -34.6147853968716)","11",Artigas,JUSTO JUAN B.,ARTIGAS JOSE GERVASIO GRAL,JUSTO JUAN B. & ARTIGAS JOSE GERVASIO GRAL,,34 - 166,Metrobus Juan B. Justo,Artigas - Sentido Liniers,,Mayo 2011,2011-05
"POINT (-58.4762432142298 -34.6183220170099)","360",Av. Nazca,JUSTO JUAN B.,NAZCA,JUSTO JUAN B. & NAZCA,34 - 166,,Metrobus Juan B. Justo,Av. Nazca - Sentido Pacífico,,Mayo 2011,2011-05
"POINT (-58.4806575176653 -34.6219203472854)","9",Concordia,JUSTO JUAN B.,CONCORDIA,JUSTO JUAN B. & CONCORDIA,,34 - 166,Metrobus Juan B. Justo,Concordia - Sentido Liniers,,Mayo 2011,2011-05
"POINT (-58.4857328059313 -34.6250520658384)","8",Chivilcoy,JUSTO JUAN B.,CHIVILCOY,JUSTO JUAN B. & CHIVILCOY,,34 - 166,Metrobus Juan B. Justo,Chivilcoy - Sentido Liniers,,Mayo 2011,2011-05
"POINT (-58.4912203315477 -34.6271211512332)","357",Av. Segurola,JUSTO JUAN B.,SEGUROLA,JUSTO JUAN B. & SEGUROLA,34 - 166,,Metrobus Juan B. Justo,Av. Segurola - Sentido Pacífico,,Mayo 2011,2011-05
"POINT (-58.4947440966694 -34.6294396371731)","6",Carrasco,JUSTO JUAN B.,CARRASCO,JUSTO JUAN B. & CARRASCO,,34 - 99 - 166 - 172,Metrobus Juan B. Justo,Carrasco - Sentido Liniers,,Mayo 2011,2011-05
"POINT (-58.5069610912273 -34.6344114617872)","352",Cortina,JUSTO JUAN B.,CORTINA,JUSTO JUAN B. & CORTINA,34 - 99 - 166 - 172,,Metrobus Juan B. Justo,Cortina - Sentido Pacífico,,Mayo 2011,2011-05
"POINT (-58.5136628578566 -34.6335260683514)","3",Polideportivo Velez Sarsfield,JUSTO JUAN B.,GARCIA JUAN AGUSTIN,JUSTO JUAN B. & GARCIA JUAN AGUSTIN,,34 - 99 - 166 - 172,Metrobus Juan B. Justo,Polideportivo Velez Sarsfield - Sentido Liniers,,Mayo 2011,2011-05
"POINT (-58.5194846639908 -34.6337182084163)","350",Velez Sarsfield,JUSTO JUAN B.,ALVAREZ JONTE AV,JUSTO JUAN B. & ALVAREZ JONTE AV,34 - 99 - 166 - 172,,Metrobus Juan B. Justo,Velez Sarsfield - Sentido Pacífico,,Mayo 2011,2011-05
"POINT (-58.5014333808285 -34.632415508763)","372",Av. Lope de Vega,JUSTO JUAN B.,LOPE DE VEGA,JUSTO JUAN B. & LOPE DE VEGA,34 - 99 - 166 - 172,,Metrobus Juan B. Justo,Av. Lope de Vega - Sentido Pacífico,,Mayo 2011,2011-05
"POINT (-58.5005971581224 -34.6319881694258)","373",Av. Lope de Vega,JUSTO JUAN B.,LOPE DE VEGA,JUSTO JUAN B. & LOPE DE VEGA,,34 - 99 - 166 - 172,Metrobus Juan B. Justo,Av. Lope de Vega - Sentido Liniers,,Mayo 2011,2011-05
"POINT (-58.4229624668111 -34.5801278898518)","377",Uriarte,SANTA FE AV,,Entre Uriarte y Darregueyra,12 - 95 - 108 - 111 - 118 - 194,59 - 60 - 93 - 108 - 118,Centro de Transbordo Pacífico,Uriarte,,Noviembre 2016,2016-11
"POINT (-58.4248048098293 -34.5789372884021)","374",Oro,SANTA FE AV,,Entre Fray Justo Santamaría de Oro y Godoy Cruz,59 - 68 - 152 - 161,39 - 152,Centro de Transbordo Pacífico,Oro,,Noviembre 2016,2016-11
"POINT (-58.4238490318935 -34.5795173099911)","376",Darregueyra,SANTA FE AV,,Entre Darregueyra y Fray Justo Santamaría de Oro,29 - 39 - 41 - 64 - 67 - 93,12 - 15 - 29 - 95 - 111,Centro de Transbordo Pacífico,Darregueyra,,Noviembre 2016,2016-11
"POINT (-58.4265153540626 -34.5775832414406)","383",Pacífico,BULLRICH INT AV,SANTA FE,BULLRICH INT AV & SANTA FE,10 - 160 - 166,"166",Metrobus Juan B. Justo,Pacífico,,Mayo 2011,2011-05
"POINT (-58.4412515297749 -34.5717811518086)","177",Jorge Newbery,CABILDO AV,,Entre Jorge Newbery y Maure,41 - 60 - 67 - 68 - 152 - 161,,Metrobus Norte - Av Cabildo,Jorge Newbery - Sentido Provincia/Gral Paz,,Noviembre 2016,2016-11
"POINT (-58.4430448924825 -34.5709273552928)","175",Gorostiaga,CABILDO AV,,Entre Gorostiaga y Olleros,,41 - 60 - 67 - 68 - 152 - 161,Metrobus Norte - Av Cabildo,Gorostiaga - Sentido CABA/Pacífico,,Noviembre 2016,2016-11
"POINT (-58.4662433370359 -34.5514110926768)","434",Manuela Pedraza,CABILDO AV,,Entre Manuela Pedraza y Juana Azurduy,,59 - 60,Metrobus Norte - Av Cabildo,Manuela Pedraza - Sentido CABA/Pacífico,,Junio 2015,2015-06
"POINT (-58.4696460114204 -34.5471433855372)","146",Paroissien,CABILDO AV,,Entre Av García del Río y Paroissien,,57 - 161 - 168 - 184 -194,Metrobus Norte - Av Cabildo,Paroissien - Sentido CABA/Pacífico,,Junio 2015,2015-06
"POINT (-58.475395127028 -34.5396716866506)","450",Gral Paz,CABILDO AV,PAZ GRAL AV,Entre Av Gral Paz y Vedia,,60 - 68 - 133 - 168,Metrobus Norte - Av Cabildo,Gral Paz - Sentido CABA/Pacífico,,Junio 2015,2015-06
"POINT (-58.475224875629 -34.539586935375)","451",Gral Paz,CABILDO AV,PAZ GRAL AV,Entre Av Gral Paz y Vedia,19 - 21 - 60 - 71 - 161 - 168,,Metrobus Norte - Av Cabildo,Gral Paz - Sentido Provincia/Gral Paz,,Junio 2015,2015-06
"POINT (-58.4075234876214 -34.6091289176702)","463",Centro de Transbordo Once,MITRE BARTOLOME,PUEYRREDON AV,MITRE BARTOLOME & PUEYRREDON AV,,,Centro de Transbordo Once,Centro de Transbordo Once,,Abril 2017,2017-04
"POINT (-58.3746612299563 -34.5916872417464)","462",Centro de Transbordo Retiro,RAMOS MEJIA JOSE MARIA AV,DEL LIBERTADOR AV,RAMOS MEJIA JOSE MARIA AV & DEL LIBERTADOR AV,,,Centro de Transbordo Retiro,Centro de Transbordo Retiro,,Octubre 2013,2013-10
"POINT (-58.4545590318601 -34.587372625796)","481",Centro de Transbordo Chacarita,CORRIENTES AV,LACROZE FEDERICO AV,Entre Av Federico Lacroze y Olleros,,,Centro de Transbordo Chacarita,Centro de Transbordo Chacarita,,Abril 2017,2017-04
"POINT (-58.4297587355501 -34.5771013120083)","482",Fitz Roy,SANTA FE AV,,Entre Fitz Roy y Bonpland,41 - 60 - 67 - 68 - 152 - 161,,Centro de Transbordo Pacífico,Fitz Roy - Sentido Provincia/Gral Paz,,Noviembre 2016,2016-11
"POINT (-58.4280132344309 -34.577668103259)","483",Humboldt,SANTA FE AV,,Entre Humboldt y Fitz Roy,,41 - 57 - 67 - 194,Centro de Transbordo Pacífico,Humboldt - Sentido CABA/Pacífico,,Noviembre 2016,2016-11
"POINT (-58.4757671495865 -34.6879585240853)","484",Piedrabuena,FERNANDEZ DE LA CRUZ AV,,Entre Piedrabuena y Guaminí,36 - 143 - 150,36 - 143 - 150,Metrobus Sur - Ramal Fernández de la Cruz,Piedrabuena,,Agosto 2013,2013-08
"POINT (-58.4710767082434 -34.6837298166126)","485",Lisandro de la Torre,FERNANDEZ DE LA CRUZ AV,,Fernández de la Cruz y Lisandro de la Torre,36 - 143,36 - 143,Metrobus Sur - Ramal Fernández de la Cruz,Lisandro de la Torre,,Agosto 2013,2013-08
"POINT (-58.4655493069767 -34.6789382946587)","486",Pola,FERNANDEZ DE LA CRUZ AV,,Entre Founrouge y Larraya,101 - 114 - 143 - 150,101 - 114 - 143 - 150,Metrobus Sur - Ramal Fernández de la Cruz,Pola,,Agosto 2013,2013-08
"POINT (-58.46058635796 -34.6745154827488)","487",Escalada,FERNANDEZ DE LA CRUZ AV,,Entre Escalada y Pola,101 - 114 - 143 - 150,101 - 114 - 143 - 150,Metrobus Sur - Ramal Fernández de la Cruz,Escalada,,Agosto 2013,2013-08
"POINT (-58.4568240241636 -34.6711578828919)","488",Cecilia Grierson,FERNANDEZ DE LA CRUZ AV,,Entre Lacarra y Escalada,101 - 143 -  150,101 - 143 -  150,Metrobus Sur - Ramal Fernández de la Cruz,Cecilia Grierson,,Agosto 2013,2013-08
"POINT (-58.4483257621152 -34.6638881789458)","489",Laguna,FERNANDEZ DE LA CRUZ AV,,Entre Laguna y Lacarra,101 - 143 -  150,101 - 143 -  150,Metrobus Sur - Ramal Fernández de la Cruz,Laguna,,Agosto 2013,2013-08
"POINT (-58.4455383480958 -34.6617642360626)","490",Mariano Acosta,FERNANDEZ DE LA CRUZ AV,,Av Mariano Acosta,101 - 143 -  150,101 - 143 -  150,Metrobus Sur - Ramal Fernández de la Cruz,Mariano Acosta,,Agosto 2013,2013-08
"POINT (-58.4427709429459 -34.6595780147829)","491",Lafuente,FERNANDEZ DE LA CRUZ AV,,Entre San Pedrito y José Martí,23 - 76 - 101 - 143 - 150,23 - 76 - 101 - 143 -150,Metrobus Sur - Ramal Fernández de la Cruz,Lafuente,,Agosto 2013,2013-08
"POINT (-58.4382549445649 -34.6556648261257)","492",Varela,FERNANDEZ DE LA CRUZ AV,,Entre Pedernera y Castañón,23 - 76 - 101 - 143 - 150,101 - 143 - 150,Metrobus Sur - Ramal Fernández de la Cruz,Varela,,Agosto 2013,2013-08
"POINT (-58.4345067293544 -34.6530537561578)","493",San Lorenzo,FERNANDEZ DE LA CRUZ AV,,Entre Charrúa y Berg,46 - 101 - 143 - 150,46 - 101 - 143 - 150,Metrobus Sur - Ramal Fernández de la Cruz,San Lorenzo,,Agosto 2013,2013-08
"POINT (-58.4310247422642 -34.6502377381994)","494",Perito Moreno,FERNANDEZ DE LA CRUZ AV,,Entre Mom y Erezcano,101 - 143 -150,46 - 101 - 143 - 150,Metrobus Sur - Ramal Fernández de la Cruz,Perito Moreno,,Agosto 2013,2013-08
"POINT (-58.4245368604566 -34.6441998306971)","495",Av La Plata,FERNANDEZ DE LA CRUZ AV,,Entre Fournier y Riestra,23 - 101 - 143,23 - 101 - 143,Metrobus Sur - Ramal Fernández de la Cruz,Av La Plata,,Agosto 2013,2013-08
"POINT (-58.3808504146978 -34.626514758747)","496",Constitución,JUAN DE GARAY AV,LIMA,JUAN DE GARAY AV & LIMA,,4 - 143,Metrobus Sur,Constitución - Sentido Gral Paz,,Agosto 2013,2013-08
"POINT (-58.4173916376239 -34.6550822146859)","514",Sáenz,RABANAL AV,,Entre Sáenz y Del Barco Centenera,91 - 115,76 - 91 - 115,Metrobus Sur - Ramal Coronel Roca,Sáenz,,Agosto 2013,2013-08
"POINT (-58.4291208883037 -34.65982446642)","515",Berg,RABANAL AV,,Entre Berg y Rivera Indarte,76 - 91 - 115,76 - 91 - 115,Metrobus Sur - Ramal Coronel Roca,Berg,,Agosto 2013,2013-08
"POINT (-58.4335675508044 -34.6619102529716)","516",Varela,RABANAL AV,,Entre Varela y Culpina,76 - 91 - 115,76 - 91 - 115,Metrobus Sur - Ramal Coronel Roca,Varela,,Agosto 2013,2013-08
"POINT (-58.4374888747572 -34.6637786189853)","517",Lafuente,RABANAL AV,,Entre San Pedrito y José Martí,76 - 91 - 115,91 - 115,Metrobus Sur - Ramal Coronel Roca,Lafuente,,Agosto 2013,2013-08
"POINT (-58.4559844414297 -34.6851328294909)","528",Larrazábal,ROCA CNEL AV,,Entre Pasaje Roca y Larrazábal,91 - 115,91 - 115,Metrobus Sur - Ramal Coronel Roca,Larrazábal,,Agosto 2013,2013-08
"POINT (-58.4272309421281 -34.5776233976508)","531",Regimiento Patricios,SANTA FE AV,,Entre Humboldt y Av Bullrich,15 - 55 - 60,,Centro de Transbordo Pacífico,Regimiento Patricios,,Noviembre 2016,2016-11
"POINT (-58.4661556025108 -34.6297769304964)","629",Bolivia,RIVADAVIA AV.,,Entre Estado Plur. de Bolivia y Condarco,1 - 2 - 8 - 36 - 86 - 88 - 92 - 96 - 136 - 141 - 163,,Centro de Transbordo Flores - Roberto Arlt,Bolivia - Sentido Provincia de Buenos Aires,,Septiembre 2017,2017-09
"POINT (-58.4649262091223 -34.6294488931923)","630",Artigas,RIVADAVIA AV.,,Entre José de Artigas y Estado Plur. de Bolivia,5 - 25 - 49 - 53 - 55 - 76 - 85 - 113 - 132 - 133,,Centro de Transbordo Flores - Roberto Arlt,Artigas - Sentido Provincia de Buenos Aires,,Septiembre 2017,2017-09
"POINT (-58.4689629173607 -34.6305569753887)","631",San Pedrito,RIVADAVIA AV.,,Entre San Pedrito Av y Lafuente,,1 - 2 - 5 - 25 - 49 - 53 - 85 - 92,Centro de Transbordo Flores - Roberto Arlt,San Pedrito - Sentido Ciudad de Buenos Aires,,Septiembre 2017,2017-09
"POINT (-58.4675592553504 -34.6302009678639)","632",Lafuente,RIVADAVIA AV.,,Entre Lafuente y Culpina,,8 - 33 - 55 - 76 - 86 - 96 - 113 - 133 - 136 - 141 - 163,Centro de Transbordo Flores - Roberto Arlt,Lafuente - Sentido Ciudad de Buenos Aires,,Septiembre 2017,2017-09
"POINT (-58.4382054629878 -34.5885823162801)","633",Av Córdoba,JUSTO JUAN B.,CORDOBA AV,JUSTO JUAN B. &  CORDOBA  AV,,34 - 166,Metrobus Juan B. Justo,Av Córdoba  - Sentido Liniers,Inauguradas en Agosto de 2019,Agosto 2019,2019-08
"POINT (-58.4382876617612 -34.5890869906298)","634",Av Córdoba,JUSTO JUAN B.,CORDOBA AV,JUSTO JUAN B. &  CORDOBA  AV,34 - 166,,Metrobus Juan B. Justo,Av Córdoba  - Sentido Pacífico,Inauguradas en Agosto de 2019,Agosto 2019,2019-08
